{
  "passages": {
    "naive": {
      "success_rate": 1.0,
      "collision_rate": 0.0,
      "paths_found": 1000,
      "avg_path_length": 33.667,
      "std_path_length": 2.313030695862033,
      "ci_lower": 0.996173241514445,
      "ci_upper": 1,
      "successes": 1000,
      "collisions": 0,
      "num_trials": 1000,
      "computation_time": 5.058648586273193
    },
    "standard": {
      "success_rate": 1.0,
      "collision_rate": 0.0,
      "paths_found": 1000,
      "avg_path_length": 33.754,
      "std_path_length": 2.377285006052072,
      "ci_lower": 0.996173241514445,
      "ci_upper": 1,
      "successes": 1000,
      "collisions": 0,
      "num_trials": 1000,
      "tau": 0.098,
      "computation_time": 5.8317461013793945
    },
    "learnable": {
      "success_rate": 1.0,
      "collision_rate": 0.0,
      "paths_found": 1000,
      "avg_path_length": 34.332,
      "std_path_length": 2.5596437252086472,
      "ci_lower": 0.996173241514445,
      "ci_upper": 1,
      "successes": 1000,
      "collisions": 0,
      "num_trials": 1000,
      "avg_tau": 0.5658115867660247,
      "std_tau": 0.00943282278368316,
      "computation_time": 9.630110740661621
    }
  },
  "open": {
    "naive": {
      "success_rate": 1.0,
      "collision_rate": 0.0,
      "paths_found": 1000,
      "avg_path_length": 32.611,
      "std_path_length": 2.2067349183805467,
      "ci_lower": 0.996173241514445,
      "ci_upper": 1,
      "successes": 1000,
      "collisions": 0,
      "num_trials": 1000,
      "computation_time": 3.9378502368927
    },
    "standard": {
      "success_rate": 1.0,
      "collision_rate": 0.0,
      "paths_found": 1000,
      "avg_path_length": 32.708,
      "std_path_length": 2.130430942321295,
      "ci_lower": 0.996173241514445,
      "ci_upper": 1,
      "successes": 1000,
      "collisions": 0,
      "num_trials": 1000,
      "tau": 0.184,
      "computation_time": 4.679421663284302
    },
    "learnable": {
      "success_rate": 1.0,
      "collision_rate": 0.0,
      "paths_found": 1000,
      "avg_path_length": 32.868,
      "std_path_length": 2.193302532711801,
      "ci_lower": 0.996173241514445,
      "ci_upper": 1,
      "successes": 1000,
      "collisions": 0,
      "num_trials": 1000,
      "avg_tau": 0.44864195874287316,
      "std_tau": 0.05637130716949193,
      "computation_time": 6.6930153369903564
    }
  },
  "narrow": {
    "naive": {
      "success_rate": 0.998,
      "collision_rate": 0.001,
      "paths_found": 999,
      "avg_path_length": 23.61061061061061,
      "std_path_length": 1.1945520005464547,
      "ci_lower": 0.9927371921365079,
      "ci_upper": 0.9994513564118793,
      "successes": 998,
      "collisions": 1,
      "num_trials": 1000,
      "computation_time": 12.515021324157715
    },
    "standard": {
      "success_rate": 0.994,
      "collision_rate": 0.0,
      "paths_found": 994,
      "avg_path_length": 23.06036217303823,
      "std_path_length": 1.1681462509460456,
      "ci_lower": 0.9869718317581478,
      "ci_upper": 0.9972473308581237,
      "successes": 994,
      "collisions": 0,
      "num_trials": 1000,
      "tau": 0.428,
      "computation_time": 18.882556676864624
    },
    "learnable": {
      "success_rate": 0.983,
      "collision_rate": 0.0,
      "paths_found": 983,
      "avg_path_length": 22.79348931841302,
      "std_path_length": 1.0979859169834747,
      "ci_lower": 0.9729440411597701,
      "ci_upper": 0.9893593101431837,
      "successes": 983,
      "collisions": 0,
      "num_trials": 1000,
      "avg_tau": 0.560897227013867,
      "std_tau": 0.03247702995108969,
      "computation_time": 28.227184772491455
    }
  },
  "zigzag": {
    "naive": {
      "success_rate": 0.973,
      "collision_rate": 0.025,
      "paths_found": 998,
      "avg_path_length": 47.75551102204409,
      "std_path_length": 2.900546678031857,
      "ci_lower": 0.9610012692469598,
      "ci_upper": 0.9813786172257051,
      "successes": 973,
      "collisions": 25,
      "num_trials": 1000,
      "computation_time": 11.60663366317749
    },
    "standard": {
      "success_rate": 0.875,
      "collision_rate": 0.0,
      "paths_found": 875,
      "avg_path_length": 48.710857142857144,
      "std_path_length": 2.7757823828129418,
      "ci_lower": 0.8530561617710384,
      "ci_upper": 0.8940737693647953,
      "successes": 875,
      "collisions": 0,
      "num_trials": 1000,
      "tau": 0.398,
      "computation_time": 32.758211612701416
    },
    "learnable": {
      "success_rate": 0.628,
      "collision_rate": 0.0,
      "paths_found": 628,
      "avg_path_length": 48.85668789808917,
      "std_path_length": 2.739514436620525,
      "ci_lower": 0.5976064637900358,
      "ci_upper": 0.6574138860376622,
      "successes": 628,
      "collisions": 0,
      "num_trials": 1000,
      "avg_tau": 0.5138745095096167,
      "std_tau": 0.07199011304362175,
      "computation_time": 68.04676175117493
    }
  },
  "spiral": {
    "naive": {
      "success_rate": 0.974,
      "collision_rate": 0.026,
      "paths_found": 1000,
      "avg_path_length": 36.376,
      "std_path_length": 1.8446202861293703,
      "ci_lower": 0.9621761711573101,
      "ci_upper": 0.9821960617983837,
      "successes": 974,
      "collisions": 26,
      "num_trials": 1000,
      "computation_time": 5.285371780395508
    },
    "standard": {
      "success_rate": 1.0,
      "collision_rate": 0.0,
      "paths_found": 1000,
      "avg_path_length": 36.803,
      "std_path_length": 1.92566637816627,
      "ci_lower": 0.996173241514445,
      "ci_upper": 1,
      "successes": 1000,
      "collisions": 0,
      "num_trials": 1000,
      "tau": 0.589,
      "computation_time": 6.262864351272583
    },
    "learnable": {
      "success_rate": 1.0,
      "collision_rate": 0.0,
      "paths_found": 1000,
      "avg_path_length": 36.809,
      "std_path_length": 1.924712705834302,
      "ci_lower": 0.996173241514445,
      "ci_upper": 1,
      "successes": 1000,
      "collisions": 0,
      "num_trials": 1000,
      "avg_tau": 0.5386152698117,
      "std_tau": 0.0849798757013201,
      "computation_time": 9.3163161277771
    }
  },
  "random_forest": {
    "naive": {
      "success_rate": 1.0,
      "collision_rate": 0.0,
      "paths_found": 1000,
      "avg_path_length": 33.808,
      "std_path_length": 2.2097818896895687,
      "ci_lower": 0.996173241514445,
      "ci_upper": 1,
      "successes": 1000,
      "collisions": 0,
      "num_trials": 1000,
      "computation_time": 5.270660161972046
    },
    "standard": {
      "success_rate": 1.0,
      "collision_rate": 0.0,
      "paths_found": 1000,
      "avg_path_length": 33.942,
      "std_path_length": 2.242907933910797,
      "ci_lower": 0.996173241514445,
      "ci_upper": 1,
      "successes": 1000,
      "collisions": 0,
      "num_trials": 1000,
      "tau": 0.101,
      "computation_time": 6.086418867111206
    },
    "learnable": {
      "success_rate": 1.0,
      "collision_rate": 0.0,
      "paths_found": 1000,
      "avg_path_length": 35.413,
      "std_path_length": 2.5409508062927944,
      "ci_lower": 0.996173241514445,
      "ci_upper": 1,
      "successes": 1000,
      "collisions": 0,
      "num_trials": 1000,
      "avg_tau": 0.5739634375105431,
      "std_tau": 0.022323279565469947,
      "computation_time": 12.85184907913208
    }
  },
  "tight_gaps": {
    "naive": {
      "success_rate": 1.0,
      "collision_rate": 0.0,
      "paths_found": 1000,
      "avg_path_length": 30.158,
      "std_path_length": 2.3089036359276665,
      "ci_lower": 0.996173241514445,
      "ci_upper": 1,
      "successes": 1000,
      "collisions": 0,
      "num_trials": 1000,
      "computation_time": 9.877489566802979
    },
    "standard": {
      "success_rate": 1.0,
      "collision_rate": 0.0,
      "paths_found": 1000,
      "avg_path_length": 30.901,
      "std_path_length": 2.268743925611703,
      "ci_lower": 0.996173241514445,
      "ci_upper": 1,