{
  "noise_levels": {
    "naive": {
      "levels": [
        0.1,
        0.15,
        0.2,
        0.25,
        0.3
      ],
      "collision_rates": [
        8.0,
        8.0,
        12.0,
        12.0,
        16.0
      ],
      "collision_rates_ci": [
        [
          3.154951408859298,
          18.83824691834284
        ],
        [
          3.154951408859298,
          18.83824691834284
        ],
        [
          5.617600150932274,
          23.80481738320299
        ],
        [
          5.617600150932274,
          23.80481738320299
        ],
        [
          8.337420678033403,
          28.514216063034993
        ]
      ],
      "path_lengths": [
        54.68126704596848,
        55.41796952102689,
        54.80732853664738,
        55.049815296648866,
        54.176612149794856
      ],
      "path_lengths_std": [
        7.98593639692883,
        8.522760517600451,
        8.452186617484934,
        8.438197137990896,
        7.547048969142336
      ],
      "path_found_rates": [
        100.0,
        100.0,
        100.0,
        100.0,
        100.0
      ],
      "collision_free_success_rates": [
        92.0,
        92.0,
        88.0,
        88.0,
        84.0
      ]
    },
    "standard_cp": {
      "levels": [
        0.1,
        0.15,
        0.2,
        0.25,
        0.3
      ],
      "collision_rates": [
        0.0,
        0.0,
        0.0,
        0.0,
        0.0
      ],
      "collision_rates_ci": [
        [
          6.938893903907228e-16,
          7.134759913335873
        ],
        [
          6.938893903907228e-16,
          7.134759913335873
        ],
        [
          6.938893903907228e-16,
          7.134759913335873
        ],
        [
          6.938893903907228e-16,
          7.134759913335873
        ],
        [
          6.938893903907228e-16,
          7.134759913335873
        ]
      ],
      "path_lengths": [
        58.12848860790008,
        57.80839249427343,
        57.9431043878458,
        57.93911020600382,
        59.016195677814686
      ],
      "path_lengths_std": [
        8.059427360808668,
        8.605783331140524,
        8.57193751564494,
        8.77124830792153,
        7.794854956310809
      ],
      "path_found_rates": [
        100.0,
        100.0,
        100.0,
        100.0,
        100.0
      ],
      "collision_free_success_rates": [
        100.0,
        100.0,
        100.0,
        100.0,
        100.0
      ],
      "tau_values": [
        0.122,
        0.186,
        0.244,
        0.303,
        0.347
      ]
    }
  },
  "nonconformity_scores": {
    "penetration": {
      "tau": 0.273,
      "tau_curve": {
        "0.8": 0.094,
        "0.85": 0.134,
        "0.9": 0.186,
        "0.95": 0.273,
        "0.99": 0.44
      },
      "collision_rate": 1.0309278350515463,
      "success_rate": 97.0,
      "avg_path_length": 57.831024076793604,
      "calibration_scores": [
        0.035,
        0.026,
        0.186,
        0.0,
        0.0,
        0.0,
        0.026,
        0.0,
        0.174,
        0.0,
        0.168,
        0.022,
        0.02,
        0.0,
        0.185,
        0.0,
        0.0,
        0.0,
        0.0,
        0.347,
        0.0,
        0.033,
        0.0,
        0.0,
        0.0,
        0.177,
        0.0,
        0.01,
        0.02,
        0.008,
        0.0,
        0.0,
        0.0,
        0.0,
        0.0,
        0.0,
        0.0,
        0.051,
        0.251,
        0.0,
        0.0,
        0.0,
        0.0,
        0.0,
        0.039,
        0.003,
        0.025,
        0.191,
        0.0,
        0.0,
        0.192,
        0.041,
        0.033,
        0.0,
        0.082,
        0.46,
        0.022,
        0.064,
        0.01,
        0.0,
        0.009,
        0.0,
        0.0,
        0.062,
        0.146,
        0.042,
        0.096,
        0.0,
        0.034,
        0.0,
        0.0,
        0.0,
        0.115,
        0.0,
        0.043,
        0.0,
        0.405,
        0.0,
        0.0,
        0.0,
        0.171,
        0.004,
        0.039,
        0.0,
        0.071,
        0.0,
        0.0,
        0.0,
        0.007,
        0.002,
        0.0,
        0.0,
        0.0,
        0.094,
        0.0,
        0.0,
        0.027,
        0.028,
        0.003,
        0.0,
        0.054,
        0.0,
        0.0,
        0.0,
        0.0,
        0.421,
        0.123,
        0.0,
        0.229,
        0.0,
        0.0,
        0.0,
        0.0,
        0.0,
        0.0,
        0.0,
        0.321,
        0.0,
        0.0,
        0.103,
        0.0,
        0.0,
        0.114,
        0.0,
        0.0,
        0.0,
        0.226,
        0.0,
        0.046,
        0.018,
        0.0,
        0.0,
        0.294,
        0.21,
        0.0,
        0.129,
        0.0,
        0.0,
        0.019,
        0.009,
        0.0,
        0.001,
        0.0,
        0.134,
        0.0,
        0.0,
        0.0,
        0.273,
        0.009,
        0.0,
        0.129,
        0.0,
        0.089,
        0.001,
        0.016,
        0.0,
        0.0,
        0.233,
        0.313,
        0.118,
        0.0,
        0.038,
        0.169,
        0.236,
        0.0,
        0.0,
        0.0,
        0.003,
        0.074,
        0.03,
        0.02,
        0.0,
        0.0,
        0.0,
        0.012,
        0.0,
        0.0,
        0.003,
        0.44,
        0.0,
        0.0,
        0.0,
        0.0,
        0.202,
        0.0,
        0.0,
        0.15,
        0.042,
        0.157,
        0.3,
        0.0,
        0.0,
        0.0,
        0.0,
        0.0,
        0.0,
        0.127,
        0.017,
        0.002,
        0.0
      ]
    },
    "hausdorff": {
      "tau": 0.146,
      "tau_curve": {
        "0.8": 0.122,
        "0.85": 0.131,
        "0.9": 0.138,
        "0.95": 0.146,
        "0.99": 0.152
      },
      "collision_rate": 3.1578947368421053,
      "success_rate": 95.0,
      "avg_path_length": 56.57410184677101,