{
  "noise_levels": {
    "naive": {
      "levels": [
        0.1,
        0.15,
        0.2,
        0.25,
        0.3
      ],
      "collision_rates": [
        4.081632653061225,
        8.16326530612245,
        8.16326530612245,
        12.0,
        20.0
      ],
      "path_lengths": [
        54.14151173235402,
        53.62551504349943,
        53.57455851900822,
        53.231430101651355,
        52.60433501139229
      ],
      "success_rates": [
        98.0,
        98.0,
        98.0,
        100.0,
        100.0
      ]
    },
    "standard_cp": {
      "levels": [
        0.1,
        0.15,
        0.2,
        0.25,
        0.3
      ],
      "collision_rates": [
        2.0,
        4.081632653061225,
        8.0,
        4.081632653061225,
        4.0
      ],
      "path_lengths": [
        58.67841919995477,
        57.58022200813289,
        58.25069084823209,
        58.25105444704174,
        58.55178557030175
      ],
      "success_rates": [
        100.0,
        98.0,
        100.0,
        98.0,
        100.0
      ]
    }
  },
  "nonconformity_scores": {
    "penetration": {
      "tau": 0.273,
      "tau_curve": {
        "0.8": 0.094,
        "0.85": 0.134,
        "0.9": 0.186,
        "0.95": 0.273,
        "0.99": 0.44
      },
      "collision_rate": 1.0309278350515463,
      "success_rate": 97.0,
      "avg_path_length": 57.831024076793604,
      "calibration_scores": [
        0.035,
        0.026,
        0.186,
        0.0,
        0.0,
        0.0,
        0.026,
        0.0,
        0.174,
        0.0,
        0.168,
        0.022,
        0.02,
        0.0,
        0.185,
        0.0,
        0.0,
        0.0,
        0.0,
        0.347,
        0.0,
        0.033,
        0.0,
        0.0,
        0.0,
        0.177,
        0.0,
        0.01,
        0.02,
        0.008,
        0.0,
        0.0,
        0.0,
        0.0,
        0.0,
        0.0,
        0.0,
        0.051,
        0.251,
        0.0,
        0.0,
        0.0,
        0.0,
        0.0,
        0.039,
        0.003,
        0.025,
        0.191,
        0.0,
        0.0,
        0.192,
        0.041,
        0.033,
        0.0,
        0.082,
        0.46,
        0.022,
        0.064,
        0.01,
        0.0,
        0.009,
        0.0,
        0.0,
        0.062,
        0.146,
        0.042,
        0.096,
        0.0,
        0.034,
        0.0,
        0.0,
        0.0,
        0.115,
        0.0,
        0.043,
        0.0,
        0.405,
        0.0,
        0.0,
        0.0,
        0.171,
        0.004,
        0.039,
        0.0,
        0.071,
        0.0,
        0.0,
        0.0,
        0.007,
        0.002,
        0.0,
        0.0,
        0.0,
        0.094,
        0.0,
        0.0,
        0.027,
        0.028,
        0.003,
        0.0,
        0.054,
        0.0,
        0.0,
        0.0,
        0.0,
        0.421,
        0.123,
        0.0,
        0.229,
        0.0,
        0.0,
        0.0,
        0.0,
        0.0,
        0.0,
        0.0,
        0.321,
        0.0,
        0.0,
        0.103,
        0.0,
        0.0,
        0.114,
        0.0,
        0.0,
        0.0,
        0.226,
        0.0,
        0.046,
        0.018,
        0.0,
        0.0,
        0.294,
        0.21,
        0.0,
        0.129,
        0.0,
        0.0,
        0.019,
        0.009,
        0.0,
        0.001,
        0.0,
        0.134,
        0.0,
        0.0,
        0.0,
        0.273,
        0.009,
        0.0,
        0.129,
        0.0,
        0.089,
        0.001,
        0.016,
        0.0,
        0.0,
        0.233,
        0.313,
        0.118,
        0.0,
        0.038,
        0.169,
        0.236,
        0.0,
        0.0,
        0.0,
        0.003,
        0.074,
        0.03,
        0.02,
        0.0,
        0.0,
        0.0,
        0.012,
        0.0,
        0.0,
        0.003,
        0.44,
        0.0,
        0.0,
        0.0,
        0.0,
        0.202,
        0.0,
        0.0,
        0.15,
        0.042,
        0.157,
        0.3,
        0.0,
        0.0,
        0.0,
        0.0,
        0.0,
        0.0,
        0.127,
        0.017,
        0.002,
        0.0
      ]
    },
    "hausdorff": {
      "tau": 0.146,
      "tau_curve": {
        "0.8": 0.122,
        "0.85": 0.131,
        "0.9": 0.138,
        "0.95": 0.146,
        "0.99": 0.152
      },
      "collision_rate": 3.1578947368421053,
      "success_rate": 95.0,
      "avg_path_length": 56.57410184677101,
      "calibration_scores": [
        0.117,
        0.131,
        0.147,
        0.084,
        0.026,
        0.115,
        0.127,
        0.036,
        0.149,
        0.058,
        0.066,
        0.087,
        0.102,
        0.106,
        0.109,
        0.106,
        0.074,
        0.125,
        0.103,
        0.122,
        0.106,
        0.107,
        0.105,
        0.147,
        0.13,
        0.144,
        0.082,
        0.109,
        0.02,
        0.06,
        0.059,
        0.017,
        0.033,
        0.098,
        0.091,
        0.116,
        0.152,
        0.075,
        0.07,
        0.06,
        0.136,
        0.042,
        0.07,
        0.108,
        0.084,
        0.076,
        0.098,
        0.067,
        0.06,
        0.064,
        0.055,
        0.078,
        0.108,
        0.138,
        0.101,
        0.147,
        0.106,
        0.091,
        0.064,
        0.145,
        0.09,
        0.086,
        0.102,
        0.049,
        0.098,
        0.046,
        0.067,
        0.119,
        0.146,
        0.075,
        0.1,
        0.096,
        0.092,
        0.078,
        0.095,
        0.068,
        0.147,
        0.088,
        0.09,
        0.054,
        0.084,
        0.07,
        0.076,
        0.133,
        0.142,
        0.095,
        0.087,
        0.029,
        0.044,
        0.094,
        0.022,
        0.027,
        0.088,
        0.1,
        0.06,
        0.084,
        0.141,
        0.125,
        0.129,
        0.044,
        0.071,
        0.064,
        0.095,
        0.108,
        0.135,
        0.097,
        0.14,
        0.09,
        0.126,
        0.071,
        0.103,
        0.091,
        0.103,
        0.134,
        0.027,
        0.099,
        0.093,
        0.026,
        0.078,
        0.102,
        0.057,
        0.09,
        0.093,
        0.014,
        0.106,
        0.099,
        0.09,
        0.097,
        0.103,
        0.121,
        0.057,
        0.119,
        0.063,
        0.075,
        0.053,
        0.097,
        0.082,
        0.064,
        0.07,
        0.108,
        0.085,
        0.057,
        0.105,
        0.132,
        0.07,
        0.125,
        0.097,
        0.067,
        0.099,
        0.039,
        0.139,
        0.131,
        0.108,
        0.109,
        0.143,
        0.084,
        0.138,
        0.067,
        0.154,
        0.104,
        0.053,
        0.085,
        0.14,
        0.071,
        0.047,
        0.149,
        0.094,
        0.025,
        0.082,
        0.097,
        0.141,
        0.087,
        0.039,
        0.104,
        0.088,
        0.049,
        0.119,
        0.106,
        0.148,
        0.099,
        0.105,
        0.064,
        0.05,
        0.116,
        0.037,
        0.125,
        0.064,
        0.074,
        0.131,
        0.115,
        0.117,
        0.122,
        0.046,
        0.137,
        0.09,
        0.066,
        0.11,
        0.059,
        0.11,
        0.061
      ]
    },
    "area": {
      "tau": 0.029,
      "tau_curve": {
        "0.8": 0.024,
        "0.85": 0.025,
        "0.9": 0.027,
        "0.95": 0.029,
        "0.99": 0.033
      },
      "collision_rate": 14.432989690721648,
      "success_rate": 97.0,
      "avg_path_length": 54.051941440489706,