{
  "office01add": {
    "test_1": {
      "naive": {
        "path": null,
        "path_length": -1,
        "planning_time": 11.571053981781006,
        "success": false,
        "metrics": null
      }
    },
    "test_2": {
      "naive": {
        "path": [
          [
            5.494,
            4.765
          ],
          [
            3.7251789650262683,
            4.54850424616302
          ],
          [
            1.1158419977232148,
            0.8652146132513998
          ],
          [
            0.5581664053798496,
            0.4440425944896198
          ],
          [
            -1.2398905384753487,
            -0.5375578268510157
          ],
          [
            -1.3149022240693684,
            -0.7089585206081326
          ],
          [
            -1.0637662168514455,
            -3.303752761780559
          ],
          [
            -1.645440009876081,
            -3.5527192383543427
          ],
          [
            -3.3855128269518517,
            -4.313854718282302
          ],
          [
            -3.8400970774925245,
            -4.932216310054944
          ],
          [
            -4.611,
            -5.537
          ]
        ],
        "path_length": 16.116599873267294,
        "planning_time": 9.116502046585083,
        "success": true,
        "metrics": {
          "safety": {
            "d_0": 0.25,
            "p_0": 0.0
          },
          "efficiency": {
            "T": 0.9999999999999999,
            "C": 828.7729133259169
          },
          "smoothness": {
            "f_ps": 5.400754240539054,
            "f_vs": 185.44798147259806
          },
          "path_length": 16.116599873267294,
          "num_planning_calls": 11
        }
      }
    },
    "test_3": {
      "naive": {
        "path": null,
        "path_length": -1,
        "planning_time": 4.735766887664795,
        "success": false,
        "metrics": null
      }
    }
  },
  "office02": {
    "test_1": {
      "naive": {
        "path": null,
        "path_length": -1,
        "planning_time": 0.2047884464263916,
        "success": false,
        "metrics": null
      }
    },
    "test_2": {
      "naive": {
        "path": null,
        "path_length": -1,
        "planning_time": 0.1173090934753418,
        "success": false,
        "metrics": null
      }
    },
    "test_3": {
      "naive": {
        "path": null,
        "path_length": -1,
        "planning_time": 0.39136481285095215,
        "success": false,
        "metrics": null
      }
    }
  },
  "shopping_mall": {
    "test_1": {
      "naive": {
        "path": null,
        "path_length": -1,
        "planning_time": 2.120988130569458,
        "success": false,
        "metrics": null
      }
    },
    "test_2": {
      "naive": {
        "path": null,
        "path_length": -1,
        "planning_time": 1.8234784603118896,
        "success": false,
        "metrics": null
      }
    },
    "test_3": {
      "naive": {
        "path": null,
        "path_length": -1,
        "planning_time": 1.763740062713623,
        "success": false,
        "metrics": null
      }
    }
  },
  "room02": {
    "test_1": {
      "naive": {
        "path": [
          [
            3.395,
            6.14
          ],
          [
            4.598057739940533,
            6.256509533368067
          ],
          [
            5.198144704289142,
            4.063083444379798
          ],
          [
            3.5255570121699247,
            1.477806625451457
          ],
          [
            3.066851785034345,
            -0.06657301983086761
          ],
          [
            -1.2966452081105087,
            -0.471538961362724
          ],
          [
            -2.712923905734349,
            -1.883684368414321
          ],
          [
            -4.530824522422911,
            -2.7174933080661714
          ],
          [
            -4.187,
            -3.091
          ]
        ],
        "path_length": 17.062849016988544,
        "planning_time": 0.33603978157043457,
        "success": true,
        "metrics": {
          "safety": {
            "d_0": 0.4,
            "p_0": 0.0
          },
          "efficiency": {
            "T": 0.7999999999999999,
            "C": 37.33775350782606
          },
          "smoothness": {
            "f_ps": 6.457403777482635,
            "f_vs": 139.91279983391104
          },
          "path_length": 17.062849016988544,
          "num_planning_calls": 9
        }
      }
    },
    "test_2": {
      "naive": {
        "path": null,
        "path_length": -1,
        "planning_time": 13.103747129440308,
        "success": false,
        "metrics": null
      }
    },
    "test_3": {
      "naive": {
        "path": [
          [
            -1.989,
            4.569
          ],
          [
            1.4183918804910611,
            3.8638515718599766
          ],
          [
            2.3651801083253803,
            0.10052416386095908
          ],
          [
            4.161949895586046,
            -1.8503217145463209
          ],
          [
            4.389313768814382,
            -3.9793168877693654
          ],
          [
            5.018,
            -5.143
          ],
          [
            5.018,
            -5.143
          ]
        ],
        "path_length": 13.476144130224897,
        "planning_time": 0.03975057601928711,
        "success": true,
        "metrics": {
          "safety": {
            "d_0": 0.3354101966249685,
            "p_0": 0.0
          },
          "efficiency": {
            "T": 0.6,
            "C": 5.678653717041016
          },
          "smoothness": {
            "f_ps": 4.950330164421023,
            "f_vs": 129.35326791457678
          },
          "path_length": 13.476144130224897,
          "num_planning_calls": 7
        }
      }
    }
  },
  "maze": {
    "test_1": {
      "naive": {
        "path": null,
        "path_length": -1,
        "planning_time": 3.242096424102783,
        "success": false,
        "metrics": null
      }
    },
    "test_2": {
      "naive": {
        "path": null,
        "path_length": -1,
        "planning_time": 0.14672613143920898,
        "success": false,
        "metrics": null
      }
    },
    "test_3": {
      "naive": {
        "path": null,
        "path_length": -1,
        "planning_time": 0.15104174613952637,
        "success": false,
        "metrics": null
      }
    }
  },
  "track": {
    "test_1": {
      "naive": {
        "path": null,
        "path_length": -1,
        "planning_time": 0.26703953742980957,
        "success": false,
        "metrics": null
      }
    }
  },
  "narrow_graph": {
    "test_1": {
      "naive": {
        "path": null,
        "path_length": -1,
        "planning_time": 0.28322386741638184,
        "success": false,
        "metrics": null
      }
    },