{
  "office01add": {
    "test_1": {
      "naive": {
        "path": null,
        "path_length": -1,
        "planning_time": 22.71837091445923,
        "success": false,
        "metrics": null
      }
    },
    "test_2": {
      "naive": {
        "path": null,
        "path_length": -1,
        "planning_time": 13.178249835968018,
        "success": false,
        "metrics": null
      }
    },
    "test_3": {
      "naive": {
        "path": null,
        "path_length": -1,
        "planning_time": 4.425382614135742,
        "success": false,
        "metrics": null
      }
    }
  },
  "office02": {
    "test_1": {
      "naive": {
        "path": [
          [
            -12.547,
            8.542
          ],
          [
            -10.022206844033594,
            6.060423075351844
          ],
          [
            -10.268979746103227,
            4.175988083467653
          ],
          [
            -6.653879140428632,
            3.9948526220681
          ],
          [
            -3.1126497118318017,
            3.8963819810736258
          ],
          [
            0.6407724941017126,
            3.8680162956144084
          ],
          [
            3.0988754409709482,
            3.8101941841601406
          ],
          [
            6.490362549519544,
            3.8133722809369086
          ],
          [
            9.653422560670323,
            3.8213162211209895
          ],
          [
            11.111709905885998,
            1.3961051992503466
          ],
          [
            13.059,
            1.702
          ],
          [
            13.059,
            1.702
          ]
        ],
        "path_length": 30.170854148324565,
        "planning_time": 3.057826280593872,
        "success": true,
        "metrics": {
          "safety": {
            "d_0": 0.25,
            "p_0": 0.0
          },
          "efficiency": {
            "T": 1.0999999999999999,
            "C": 254.818856716156
          },
          "smoothness": {
            "f_ps": 4.893159837430245,
            "f_vs": 116.41669905676571
          },
          "path_length": 30.170854148324565,
          "num_planning_calls": 12
        }
      }
    },
    "test_2": {
      "naive": {
        "path": null,
        "path_length": -1,
        "planning_time": 0.06736016273498535,
        "success": false,
        "metrics": null
      }
    },
    "test_3": {
      "naive": {
        "path": null,
        "path_length": -1,
        "planning_time": 1.3219618797302246,
        "success": false,
        "metrics": null
      }
    }
  },
  "shopping_mall": {
    "test_1": {
      "naive": {
        "path": null,
        "path_length": -1,
        "planning_time": 1.0006654262542725,
        "success": false,
        "metrics": null
      }
    },
    "test_2": {
      "naive": {
        "path": null,
        "path_length": -1,
        "planning_time": 0.19559335708618164,
        "success": false,
        "metrics": null
      }
    },
    "test_3": {
      "naive": {
        "path": null,
        "path_length": -1,
        "planning_time": 2.236182689666748,
        "success": false,
        "metrics": null
      }
    }
  },
  "room02": {
    "test_1": {
      "naive": {
        "path": [
          [
            3.395,
            6.14
          ],
          [
            4.8885582152993905,
            5.658167663373479
          ],
          [
            4.754245520690377,
            1.91560051210746
          ],
          [
            3.5633144516967477,
            0.2630784794263725
          ],
          [
            0.7019396468842531,
            -0.4390320142588995
          ],
          [
            -1.1993565636896988,
            0.18151026444347207
          ],
          [
            -1.974358647774958,
            -1.6622282662770596
          ],
          [
            -3.6545155427559366,
            -2.747158129562183
          ],
          [
            -4.187,
            -3.091
          ]
        ],
        "path_length": 16.93138475499627,
        "planning_time": 0.0993204116821289,
        "success": true,
        "metrics": {
          "safety": {
            "d_0": 0.30000000000000004,
            "p_0": 0.0
          },
          "efficiency": {
            "T": 0.7999999999999999,
            "C": 11.035601298014324
          },
          "smoothness": {
            "f_ps": 5.1049413541353985,
            "f_vs": 108.43404722689851
          },
          "path_length": 16.93138475499627,
          "num_planning_calls": 9
        }
      }
    },
    "test_2": {
      "naive": {
        "path": null,
        "path_length": -1,
        "planning_time": 16.40670132637024,
        "success": false,
        "metrics": null
      }
    },
    "test_3": {
      "naive": {
        "path": [
          [
            -1.989,
            4.569
          ],
          [
            -1.2499218448773597,
            0.9959587014064581
          ],
          [
            0.3077894980287075,
            -0.25844768098394444
          ],
          [
            3.628341775512185,
            -1.0923270772567246
          ],
          [
            4.4499033891440165,
            -4.952476179424188
          ],
          [
            5.018,
            -5.143
          ]
        ],
        "path_length": 13.618137253501285,
        "planning_time": 0.2118675708770752,
        "success": true,
        "metrics": {
          "safety": {
            "d_0": 0.35000000000000003,
            "p_0": 0.0
          },
          "efficiency": {
            "T": 0.5,
            "C": 35.31126181284586
          },
          "smoothness": {
            "f_ps": 9.566084040803519,
            "f_vs": 211.82761745634662
          },
          "path_length": 13.618137253501285,
          "num_planning_calls": 6
        }
      }
    }
  },
  "maze": {
    "test_1": {
      "naive": {
        "path": null,
        "path_length": -1,
        "planning_time": 4.054102420806885,
        "success": false,
        "metrics": null
      }
    },
    "test_2": {
      "naive": {
        "path": null,
        "path_length": -1,
        "planning_time": 0.12099790573120117,
        "success": false,
        "metrics": null
      }
    },
    "test_3": {
      "naive": {
        "path": null,
        "path_length": -1,
        "planning_time": 0.2896554470062256,
        "success": false,
        "metrics": null
      }
    }
  },
  "track": {
    "test_1": {
      "naive": {
        "path": null,
        "path_length": -1,
        "planning_time": 0.21162891387939453,
        "success": false,
        "metrics": null
      }
    }
  },
  "narrow_graph": {
    "test_1": {
      "naive": {
        "path": null,
        "path_length": -1,
        "planning_time": 2.2405989170074463,
        "success": false,
        "metrics": null
      }
    },
    "test_2": {
      "naive": {
        "path": null,
        "path_length": -1,
        "planning_time": 0.10813093185424805,
        "success": false,
        "metrics": null
      }
    },
    "test_3": {
      "naive": {
        "path": null,
        "path_length": -1,
        "planning_time": 0.12453293800354004,
        "success": false,
        "metrics": null
      }
    }
  }
}