{
  "office01add": {
    "test_1": {
      "naive": {
        "path": null,
        "path_length": -1,
        "planning_time": 22.724535703659058,
        "success": false,
        "metrics": null
      }
    },
    "test_2": {
      "naive": {
        "path": [
          [
            5.494,
            4.765
          ],
          [
            4.818600894372302,
            4.8992922394284175
          ],
          [
            3.588449394623156,
            4.179152450941089
          ],
          [
            0.8014967614716211,
            0.6356669977367595
          ],
          [
            -1.380762889152753,
            -0.4869391862546415
          ],
          [
            -1.0370138425975934,
            -2.9172308331730927
          ],
          [
            -2.5813207130837226,
            -3.76783834361618
          ],
          [
            -3.698401405012464,
            -5.426793052979882
          ],
          [
            -4.611,
            -5.537
          ]
        ],
        "path_length": 16.21306593173998,
        "planning_time": 1.863283634185791,
        "success": true,
        "metrics": {
          "safety": {
            "d_0": 0.25,
            "p_0": 0.0
          },
          "efficiency": {
            "T": 0.7999999999999999,
            "C": 207.03151490953235
          },
          "smoothness": {
            "f_ps": 5.01233187797695,
            "f_vs": 107.14664941700066
          },
          "path_length": 16.21306593173998,
          "num_planning_calls": 9
        }
      }
    },
    "test_3": {
      "naive": {
        "path": null,
        "path_length": -1,
        "planning_time": 4.7502195835113525,
        "success": false,
        "metrics": null
      }
    }
  },
  "office02": {
    "test_1": {
      "naive": {
        "path": null,
        "path_length": -1,
        "planning_time": 2.5168495178222656,
        "success": false,
        "metrics": null
      }
    },
    "test_2": {
      "naive": {
        "path": null,
        "path_length": -1,
        "planning_time": 0.08195996284484863,
        "success": false,
        "metrics": null
      }
    },
    "test_3": {
      "naive": {
        "path": null,
        "path_length": -1,
        "planning_time": 0.24713611602783203,
        "success": false,
        "metrics": null
      }
    }
  },
  "shopping_mall": {
    "test_1": {
      "naive": {
        "path": null,
        "path_length": -1,
        "planning_time": 0.3293123245239258,
        "success": false,
        "metrics": null
      }
    },
    "test_2": {
      "naive": {
        "path": null,
        "path_length": -1,
        "planning_time": 1.0004582405090332,
        "success": false,
        "metrics": null
      }
    },
    "test_3": {
      "naive": {
        "path": null,
        "path_length": -1,
        "planning_time": 0.4588189125061035,
        "success": false,
        "metrics": null
      }
    }
  },
  "room02": {
    "test_1": {
      "naive": {
        "path": [
          [
            3.395,
            6.14
          ],
          [
            4.855677478366109,
            5.452553907661732
          ],
          [
            4.967815055025415,
            4.3480810060245325
          ],
          [
            3.236419181861032,
            -0.0415193365010309
          ],
          [
            -0.7216810073965811,
            -0.13435656636265272
          ],
          [
            -3.239802538676961,
            -2.0133797644629325
          ],
          [
            -4.187,
            -3.091
          ],
          [
            -4.187,
            -3.091
          ]
        ],
        "path_length": 15.97907090784233,
        "planning_time": 0.3689446449279785,
        "success": true,
        "metrics": {
          "safety": {
            "d_0": 0.38078865529319544,
            "p_0": 0.0
          },
          "efficiency": {
            "T": 0.7,
            "C": 46.118080615997314
          },
          "smoothness": {
            "f_ps": 8.339338476773088,
            "f_vs": 149.22657953201022
          },
          "path_length": 15.97907090784233,
          "num_planning_calls": 8
        }
      }
    },
    "test_2": {
      "naive": {
        "path": [
          [
            1.843,
            -5.211
          ],
          [
            0.04854523124502386,
            -4.756732718895924
          ],
          [
            -0.2261387560172725,
            -0.23888979239575647
          ],
          [
            -3.365199368469653,
            -0.19534635129082395
          ],
          [
            -3.704504448198496,
            1.1592017610098218
          ],
          [
            -4.561519481963695,
            0.9817998846136256
          ],
          [
            -4.67716366554633,
            0.22504794754800272
          ],
          [
            -6.867,
            -0.597
          ],
          [
            -6.867,
            -0.597
          ]
        ],
        "path_length": 14.892776297655375,
        "planning_time": 4.6496663093566895,
        "success": true,
        "metrics": {
          "safety": {
            "d_0": 0.4301162633521314,
            "p_0": 0.0
          },
          "efficiency": {
            "T": 0.7999999999999999,
            "C": 516.629589928521
          },
          "smoothness": {
            "f_ps": 9.983082589021077,
            "f_vs": 152.49241436447375
          },
          "path_length": 14.892776297655375,
          "num_planning_calls": 9
        }
      }
    },
    "test_3": {
      "naive": {
        "path": [
          [
            -1.989,
            4.569
          ],
          [
            -0.5907629549757871,
            0.32446037464398003
          ],
          [
            4.0068522676186245,
            -1.4124580585854805
          ],
          [
            3.7421413216019443,
            -4.2471979820808965
          ],
          [
            5.018,
            -5.143
          ],
          [
            5.018,
            -5.143
          ]
        ],
        "path_length": 13.789688746125302,
        "planning_time": 0.09302830696105957,
        "success": true,
        "metrics": {
          "safety": {
            "d_0": 0.38078865529319544,
            "p_0": 0.0
          },
          "efficiency": {
            "T": 0.5,
            "C": 15.504717826843262
          },
          "smoothness": {
            "f_ps": 12.48368103816655,
            "f_vs": 196.59074801719086
          },
          "path_length": 13.789688746125302,
          "num_planning_calls": 6
        }
      }
    }
  },
  "maze": {
    "test_1": {
      "naive": {
        "path": null,
        "path_length": -1,
        "planning_time": 4.80048131942749,
        "success": false,
        "metrics": null
      }
    },
    "test_2": {
      "naive": {
        "path": null,
        "path_length": -1,
        "planning_time": 0.17915844917297363,
        "success": false,
        "metrics": null
      }
    },
    "test_3": {
      "naive": {
        "path": null,
        "path_length": -1,
        "planning_time": 0.13778972625732422,
        "success": false,
        "metrics": null
      }
    }
  },
  "track": {
    "test_1": {
      "naive": {
        "path": null,
        "path_length": -1,
        "planning_time": 0.1772451400756836,
        "success": false,
        "metrics": null
      }
    }
  },
  "narrow_graph": {
    "test_1": {
      "naive": {
        "path": null,
        "path_length": -1,
        "planning_time": 4.348752737045288,
        "success": false,
        "metrics": null
      }
    },