{
  "office01add": {
    "test_1": {
      "naive": {
        "path": [
          [
            -4.571,
            5.013
          ],
          [
            -4.286323611095051,
            5.2340952052825
          ],
          [
            -3.1624730434534585,
            4.643573067950838
          ],
          [
            -2.345133938585535,
            2.3389686428442715
          ],
          [
            -1.3101395526110604,
            -1.1943067097231967
          ],
          [
            -0.9707690363227401,
            -4.788740489961436
          ],
          [
            1.3696782739707025,
            -5.02795032236099
          ],
          [
            2.4820395056891957,
            -4.744071808731545
          ],
          [
            5.288124753126427,
            -5.367262161174716
          ],
          [
            5.618,
            -5.482
          ]
        ],
        "path_length": 18.091779170608724,
        "planning_time": 11.798757553100586,
        "success": true
      }
    },
    "test_2": {
      "naive": {
        "path": [
          [
            5.494,
            4.765
          ],
          [
            4.09920461474168,
            4.593536146469683
          ],
          [
            1.236356389580969,
            1.1139542320493367
          ],
          [
            1.1896272561617245,
            0.7935112145016978
          ],
          [
            -0.9288507188639494,
            -0.29541182056625725
          ],
          [
            -1.2767979584898468,
            -0.6839937871520076
          ],
          [
            -1.074740545379262,
            -2.8935359903566624
          ],
          [
            -3.7353645764574006,
            -5.187957822519161
          ],
          [
            -4.611,
            -5.537
          ]
        ],
        "path_length": 15.813308565333925,
        "planning_time": 2.2607059478759766,
        "success": true
      }
    },
    "test_3": {
      "naive": {
        "path": null,
        "path_length": -1,
        "planning_time": 5.827990770339966,
        "success": false
      }
    }
  },
  "office02": {
    "test_1": {
      "naive": {
        "path": null,
        "path_length": -1,
        "planning_time": 0.4309360980987549,
        "success": false
      }
    },
    "test_2": {
      "naive": {
        "path": null,
        "path_length": -1,
        "planning_time": 0.20728540420532227,
        "success": false
      }
    },
    "test_3": {
      "naive": {
        "path": [
          [
            -12.625,
            -0.305
          ],
          [
            -10.161546244000679,
            -2.564525951301013
          ],
          [
            -7.701061767310158,
            -2.5043965222901576
          ],
          [
            -7.028113911557728,
            2.404661937090699
          ],
          [
            -2.5724333675406683,
            4.560316940724265
          ],
          [
            1.4345627965317984,
            3.7923001785314465
          ],
          [
            5.49576113851696,
            3.4989401819251515
          ],
          [
            8.478974081576643,
            3.431115414146179
          ],
          [
            10.491267649469021,
            4.977232317017366
          ],
          [
            9.774283636069393,
            8.184707092908285
          ],
          [
            6.275,
            8.438
          ],
          [
            6.275,
            8.438
          ]
        ],
        "path_length": 36.17713924177087,
        "planning_time": 0.6164698600769043,
        "success": true
      }
    }
  },
  "shopping_mall": {
    "test_1": {
      "naive": {
        "path": null,
        "path_length": -1,
        "planning_time": 0.7412347793579102,
        "success": false
      }
    },
    "test_2": {
      "naive": {
        "path": null,
        "path_length": -1,
        "planning_time": 1.5832009315490723,
        "success": false
      }
    },
    "test_3": {
      "naive": {
        "path": null,
        "path_length": -1,
        "planning_time": 0.8183577060699463,
        "success": false
      }
    }
  },
  "room02": {
    "test_1": {
      "naive": {
        "path": [
          [
            3.395,
            6.14
          ],
          [
            5.353007285506978,
            5.416580234152233
          ],
          [
            4.376616541675141,
            2.996826812482402
          ],
          [
            3.184114372977186,
            0.12542840156288548
          ],
          [
            -0.9582368220234496,
            -0.20149530665912252
          ],
          [
            -1.6024529706099981,
            -0.7914840832515804
          ],
          [
            -2.657736187037112,
            -2.254284916689188
          ],
          [
            -4.630155908647469,
            -2.58528407348951
          ],
          [
            -4.187,
            -3.091
          ]
        ],
        "path_length": 17.310790853471442,
        "planning_time": 2.835219144821167,
        "success": true
      }
    },
    "test_2": {
      "naive": {
        "path": null,
        "path_length": -1,
        "planning_time": 7.947312116622925,
        "success": false
      }
    },
    "test_3": {
      "naive": {
        "path": [
          [
            -1.989,
            4.569
          ],
          [
            0.7867285102842221,
            4.136433486856779
          ],
          [
            2.0328225790664884,
            0.7334896393792718
          ],
          [
            2.367170950721637,
            -1.2383651134794549
          ],
          [
            4.323080928418886,
            -0.8207335065046628
          ],
          [
            3.619655431997744,
            -2.2283629125406987
          ],
          [
            4.484775011054888,
            -4.031573414376796
          ],
          [
            5.018,
            -5.143
          ],
          [
            5.018,
            -5.143
          ]
        ],
        "path_length": 15.239472290824622,
        "planning_time": 0.06900548934936523,
        "success": true
      }
    }
  },
  "maze": {
    "test_1": {
      "naive": {
        "path": null,
        "path_length": -1,
        "planning_time": 4.826800584793091,
        "success": false
      }
    },
    "test_2": {
      "naive": {
        "path": null,
        "path_length": -1,
        "planning_time": 0.1618213653564453,
        "success": false
      }
    },
    "test_3": {
      "naive": {
        "path": null,
        "path_length": -1,
        "planning_time": 0.17018413543701172,
        "success": false
      }
    }
  },
  "track": {
    "test_1": {
      "naive": {
        "path": null,
        "path_length": -1,
        "planning_time": 0.28147149085998535,
        "success": false
      }
    }
  },
  "narrow_graph": {
    "test_1": {
      "naive": {
        "path": null,
        "path_length": -1,
        "planning_time": 1.3368914127349854,
        "success": false
      }
    },