{
  "naive": {
    "success_rate": 0.82,
    "avg_collision": 0.11118153632909403,
    "std_collision": 0.03532505372945645,
    "avg_path_length": 74.69013887195243,
    "std_path_length": 10.598115529005577,
    "avg_computation_time": 0.5009281928342959,
    "std_computation_time": 0.3607898330746417
  },
  "ensemble": {
    "success_rate": 0.89,
    "avg_collision": 0.0436453036669312,
    "std_collision": 0.014805455731962227,
    "avg_path_length": 77.8803920545929,
    "std_path_length": 10.354712173176605,
    "avg_computation_time": 2.4534295075828645,
    "std_computation_time": 0.8651434379209956
  },
  "learnable_cp": {
    "success_rate": 0.96,
    "avg_collision": 0.0051266520004281954,
    "std_collision": 0.004710750593374188,
    "avg_path_length": 72.29146514459566,
    "std_path_length": 10.370611640705722,
    "avg_computation_time": 1.200904801714974,
    "std_computation_time": 0.6147850653340243
  },
  "statistical_test": {
    "t_statistic": 94.05955247385145,
    "p_value": 0.0,
    "cohens_d": 4.208575879569778,
    "significant": "True"
  }
}